,country,code,year,illiteracy_rate,literacy_rate,invalid_literacy_flag,literacy_rate_outlier_flag,illiteracy_rate_outlier_flag
2,Afghanistan,AFG,2011,69.0,31.0,False,True,True
3,Afghanistan,AFG,2015,66.246155,33.75384,False,True,True
4,Afghanistan,AFG,2021,63.0,37.0,False,True,True
6,Albania,ALB,2001,1.0,99.0,False,False,False
7,Albania,ALB,2008,4.0,96.0,False,False,False
8,Albania,ALB,2011,3.0,97.0,False,False,False
9,Albania,ALB,2012,3.0,97.0,False,False,False
10,Albania,ALB,2017,1.1837692,98.81623,False,False,False
13,Algeria,DZA,2002,30.0,70.0,False,False,False
14,Algeria,DZA,2006,27.0,73.0,False,False,False
15,Algeria,DZA,2008,25.0,75.0,False,False,False
20,Angola,AGO,2001,33.0,67.0,False,False,False
21,Angola,AGO,2014,34.0,66.0,False,False,False
22,Angola,AGO,2015,33.764137,66.23586,False,False,False
25,Antigua and Barbuda,ATG,2001,1.0,99.0,False,False,False
30,Argentina,ARG,1991,4.0,96.0,False,False,False
31,Argentina,ARG,2001,3.0,97.0,False,False,False
33,Armenia,ARM,2001,1.0,99.0,False,False,False
34,Armenia,ARM,2011,0.0,100.0,False,False,False
35,Armenia,ARM,2016,0.0,100.0,False,False,False
36,Armenia,ARM,2017,0.0,100.0,False,False,False
37,Armenia,ARM,2020,0.0,100.0,False,False,False
38,Armenia,ARM,2022,0.17500305,99.825,False,False,False
39,Aruba,ABW,2000,3.0,97.0,False,False,False
40,Aruba,ABW,2010,3.0,97.0,False,False,False
43,Azerbaijan,AZE,1999,1.0,99.0,False,False,False
44,Azerbaijan,AZE,2007,0.0,100.0,False,False,False
45,Azerbaijan,AZE,2009,0.0,100.0,False,False,False
46,Azerbaijan,AZE,2010,0.0,100.0,False,False,False
47,Azerbaijan,AZE,2011,0.0,100.0,False,False,False
48,Azerbaijan,AZE,2012,0.0,100.0,False,False,False
49,Azerbaijan,AZE,2013,0.0,100.0,False,False,False
50,Azerbaijan,AZE,2014,0.0,100.0,False,False,False
51,Azerbaijan,AZE,2015,0.0,100.0,False,False,False
52,Azerbaijan,AZE,2016,0.0,100.0,False,False,False
53,Azerbaijan,AZE,2017,0.0,100.0,False,False,False
54,Azerbaijan,AZE,2019,0.0,100.0,False,False,False
55,Azerbaijan,AZE,2023,0.0,100.0,False,False,False
59,Bahrain,BHR,1991,16.0,84.0,False,False,False
60,Bahrain,BHR,2001,13.0,87.0,False,False,False
61,Bahrain,BHR,2022,2.0,98.0,False,False,False
62,Bahrain,BHR,2023,2.0,98.0,False,False,False
64,Bangladesh,BGD,1991,65.0,35.0,False,True,True
65,Bangladesh,BGD,2001,53.0,47.0,False,False,False
66,Bangladesh,BGD,2011,41.0,59.0,False,False,False
67,Bangladesh,BGD,2012,42.0,58.0,False,False,False
68,Bangladesh,BGD,2013,39.0,61.0,False,False,False
69,Bangladesh,BGD,2014,39.0,61.0,False,False,False
70,Bangladesh,BGD,2015,35.0,65.0,False,False,False
71,Bangladesh,BGD,2016,27.0,73.0,False,False,False
72,Bangladesh,BGD,2017,27.0,73.0,False,False,False
73,Bangladesh,BGD,2018,26.0,74.0,False,False,False
74,Bangladesh,BGD,2019,25.0,75.0,False,False,False
75,Bangladesh,BGD,2020,25.0,75.0,False,False,False
76,Bangladesh,BGD,2021,24.0,76.0,False,False,False
77,Bangladesh,BGD,2022,21.0,79.0,False,False,False
81,Belarus,BLR,1999,0.0,100.0,False,False,False
82,Belarus,BLR,2009,0.0,100.0,False,False,False
83,Belarus,BLR,2019,0.0,100.0,False,False,False
94,Belize,BLZ,1991,30.0,70.0,False,False,False
95,Belize,BLZ,2015,9.0839615,90.91604,False,False,False
97,Benin,BEN,1992,73.0,27.0,False,True,True
98,Benin,BEN,2002,65.0,35.0,False,True,True
99,Benin,BEN,2017,61.12879,38.87121,False,False,False
100,Benin,BEN,2019,51.00172,48.99828,False,False,False
101,Benin,BEN,2021,56.16583,43.83417,False,False,False
102,Benin,BEN,2022,48.62123,51.37877,False,False,False
105,Bhutan,BTN,2005,47.0,53.0,False,False,False
106,Bhutan,BTN,2012,45.0,55.0,False,False,False
107,Bhutan,BTN,2017,33.0,67.0,False,False,False
110,Bolivia,BOL,1992,20.0,80.0,False,False,False
111,Bolivia,BOL,2001,13.0,87.0,False,False,False
112,Bolivia,BOL,2007,9.0,91.0,False,False,False
113,Bolivia,BOL,2008,9.0,91.0,False,False,False
114,Bolivia,BOL,2009,9.0,91.0,False,False,False
115,Bolivia,BOL,2011,8.0,92.0,False,False,False
116,Bolivia,BOL,2012,6.0,94.0,False,False,False
117,Bolivia,BOL,2015,8.0,92.0,False,False,False
118,Bolivia,BOL,2020,6.0,94.0,False,False,False
119,Bosnia and Herzegovina,BIH,1991,11.0,89.0,False,False,False
120,Bosnia and Herzegovina,BIH,2000,3.0,97.0,False,False,False
121,Bosnia and Herzegovina,BIH,2013,3.0,97.0,False,False,False
123,Botswana,BWA,1991,31.0,69.0,False,False,False
124,Botswana,BWA,2003,19.0,81.0,False,False,False
130,Brazil,BRA,2000,14.0,86.0,False,False,False
131,Brazil,BRA,2004,11.0,89.0,False,False,False
132,Brazil,BRA,2006,10.0,90.0,False,False,False
133,Brazil,BRA,2007,10.0,90.0,False,False,False
134,Brazil,BRA,2008,10.0,90.0,False,False,False
135,Brazil,BRA,2009,10.0,90.0,False,False,False
136,Brazil,BRA,2010,10.0,90.0,False,False,False
137,Brazil,BRA,2011,9.0,91.0,False,False,False
138,Brazil,BRA,2012,9.0,91.0,False,False,False
139,Brazil,BRA,2013,9.0,91.0,False,False,False
140,Brazil,BRA,2014,8.0,92.0,False,False,False
141,Brazil,BRA,2015,8.0,92.0,False,False,False
142,Brazil,BRA,2016,7.0,93.0,False,False,False
143,Brazil,BRA,2017,7.0,93.0,False,False,False
144,Brazil,BRA,2018,7.0,93.0,False,False,False
147,Brunei,BRN,1991,12.0,88.0,False,False,False
148,Brunei,BRN,2001,7.0,93.0,False,False,False
149,Brunei,BRN,2011,4.0,96.0,False,False,False
157,Bulgaria,BGR,2001,2.0,98.0,False,False,False
158,Bulgaria,BGR,2011,2.0,98.0,False,False,False
160,Burkina Faso,BFA,1991,86.0,14.0,False,True,True
161,Burkina Faso,BFA,1996,87.0,13.0,False,True,True
162,Burkina Faso,BFA,2003,78.0,22.0,False,True,True
163,Burkina Faso,BFA,2005,76.0,24.0,False,True,True
164,Burkina Faso,BFA,2006,78.0,22.0,False,True,True
165,Burkina Faso,BFA,2007,72.0,28.0,False,True,True
166,Burkina Faso,BFA,2014,65.0,35.0,False,True,True
167,Burkina Faso,BFA,2018,61.0,39.0,False,False,False
168,Burkina Faso,BFA,2019,70.0,30.0,False,True,True
169,Burkina Faso,BFA,2021,63.03262,36.96738,False,True,True
170,Burkina Faso,BFA,2022,59.07639,40.92361,False,False,False
172,Burundi,BDI,1990,63.0,37.0,False,True,True
173,Burundi,BDI,2000,41.0,59.0,False,False,False
174,Burundi,BDI,2008,52.0,48.0,False,False,False
175,Burundi,BDI,2014,38.0,62.0,False,False,False
176,Burundi,BDI,2016,34.312263,65.68774,False,False,False
177,Burundi,BDI,2017,32.0,68.0,False,False,False
179,Cambodia,KHM,1998,33.0,67.0,False,False,False
180,Cambodia,KHM,2004,26.0,74.0,False,False,False
181,Cambodia,KHM,2008,23.0,77.0,False,False,False
182,Cambodia,KHM,2009,24.0,76.0,False,False,False
183,Cambodia,KHM,2014,22.0,78.0,False,False,False
184,Cambodia,KHM,2015,19.0,81.0,False,False,False
185,Cambodia,KHM,2021,28.072746,71.92725,False,False,False
188,Cameroon,CMR,2000,32.0,68.0,False,False,False
189,Cameroon,CMR,2007,29.0,71.0,False,False,False
190,Cameroon,CMR,2010,29.0,71.0,False,False,False
191,Cameroon,CMR,2018,27.452873,72.54713,False,False,False
198,Cape Verde,CPV,1990,37.0,63.0,False,False,False
199,Cape Verde,CPV,2012,15.0,85.0,False,False,False
200,Cape Verde,CPV,2015,13.0,87.0,False,False,False
201,Cayman Islands,CYM,2007,1.0,99.0,False,False,False
205,Central African Republic,CAF,2000,49.0,51.0,False,False,False
206,Central African Republic,CAF,2019,57.55721,42.44279,False,False,False
256,Chad,TCD,1993,89.0,11.0,False,True,True
257,Chad,TCD,2000,74.0,26.0,False,True,True
258,Chad,TCD,2004,72.0,28.0,False,True,True
259,Chad,TCD,2016,78.0,22.0,False,True,True
260,Chad,TCD,2019,69.37208,30.62792,False,True,True
268,Chile,CHL,1992,6.0,94.0,False,False,False
269,Chile,CHL,2002,4.0,96.0,False,False,False
270,Chile,CHL,2011,3.0,97.0,False,False,False
271,Chile,CHL,2013,4.0,96.0,False,False,False
272,Chile,CHL,2015,3.0,97.0,False,False,False
273,Chile,CHL,2017,4.0,96.0,False,False,False
276,China,CHN,1990,22.0,78.0,False,False,False
277,China,CHN,2000,9.0,91.0,False,False,False
278,China,CHN,2010,5.0,95.0,False,False,False
279,China,CHN,2020,3.0,97.0,False,False,False
285,Colombia,COL,1993,9.0,91.0,False,False,False
286,Colombia,COL,1996,9.0,91.0,False,False,False
287,Colombia,COL,2004,7.0,93.0,False,False,False
288,Colombia,COL,2005,7.0,93.0,False,False,False
289,Colombia,COL,2006,8.0,92.0,False,False,False
290,Colombia,COL,2007,7.0,93.0,False,False,False
291,Colombia,COL,2008,7.0,93.0,False,False,False
292,Colombia,COL,2009,7.0,93.0,False,False,False
293,Colombia,COL,2010,7.0,93.0,False,False,False
294,Colombia,COL,2011,6.0,94.0,False,False,False
295,Colombia,COL,2014,6.0,94.0,False,False,False
296,Colombia,COL,2015,6.0,94.0,False,False,False
297,Colombia,COL,2016,5.0,95.0,False,False,False
298,Colombia,COL,2018,5.0,95.0,False,False,False
299,Colombia,COL,2019,5.0,95.0,False,False,False
300,Colombia,COL,2020,4.0,96.0,False,False,False
303,Comoros,COM,2000,32.0,68.0,False,False,False
305,Congo,COG,2005,24.0,76.0,False,False,False
309,Costa Rica,CRI,2000,5.0,95.0,False,False,False
310,Costa Rica,CRI,2011,3.0,97.0,False,False,False
312,Cote d'Ivoire,CIV,1998,64.0,36.0,False,True,True
313,Cote d'Ivoire,CIV,2000,51.0,49.0,False,False,False
314,Cote d'Ivoire,CIV,2014,56.0,44.0,False,False,False
315,Cote d'Ivoire,CIV,2016,49.96032,50.03968,False,False,False
316,Cote d'Ivoire,CIV,2021,49.99936,50.00064,False,False,False
317,Croatia,HRV,1991,3.0,97.0,False,False,False
318,Croatia,HRV,2001,2.0,98.0,False,False,False
326,Cuba,CUB,2002,0.0,100.0,False,False,False
327,Cuba,CUB,2012,0.0,100.0,False,False,False
328,Cuba,CUB,2019,2.3450928,97.65491,False,False,False
330,Cyprus,CYP,1992,6.0,94.0,False,False,False
331,Cyprus,CYP,2001,3.0,97.0,False,False,False
332,Cyprus,CYP,2011,1.0,99.0,False,False,False
335,Democratic Republic of Congo,COD,2001,33.0,67.0,False,False,False
336,Democratic Republic of Congo,COD,2012,25.0,75.0,False,False,False
337,Democratic Republic of Congo,COD,2016,23.0,77.0,False,False,False
338,Democratic Republic of Congo,COD,2018,26.446968,73.55303,False,False,False
343,Dominican Republic,DOM,2002,13.0,87.0,False,False,False
344,Dominican Republic,DOM,2007,12.0,88.0,False,False,False
345,Dominican Republic,DOM,2010,10.0,90.0,False,False,False
346,Dominican Republic,DOM,2011,10.0,90.0,False,False,False
347,Dominican Republic,DOM,2012,10.0,90.0,False,False,False
348,Dominican Republic,DOM,2013,9.0,91.0,False,False,False
349,Dominican Republic,DOM,2014,8.0,92.0,False,False,False
350,Dominican Republic,DOM,2015,8.0,92.0,False,False,False
351,Dominican Republic,DOM,2016,6.0,94.0,False,False,False
401,East Timor,TLS,2001,62.0,38.0,False,False,False
402,East Timor,TLS,2007,49.0,51.0,False,False,False
403,East Timor,TLS,2010,42.0,58.0,False,False,False
404,East Timor,TLS,2016,34.22087,65.77913,False,False,False
455,Ecuador,ECU,1990,12.0,88.0,False,False,False
456,Ecuador,ECU,2001,9.0,91.0,False,False,False
457,Ecuador,ECU,2007,8.0,92.0,False,False,False
458,Ecuador,ECU,2008,8.0,92.0,False,False,False
459,Ecuador,ECU,2009,8.0,92.0,False,False,False
460,Ecuador,ECU,2010,8.0,92.0,False,False,False
461,Ecuador,ECU,2011,8.0,92.0,False,False,False
462,Ecuador,ECU,2012,8.0,92.0,False,False,False
463,Ecuador,ECU,2013,7.0,93.0,False,False,False
464,Ecuador,ECU,2014,6.0,94.0,False,False,False
465,Ecuador,ECU,2015,6.0,94.0,False,False,False
466,Ecuador,ECU,2016,6.0,94.0,False,False,False
467,Ecuador,ECU,2017,7.0,93.0,False,False,False
468,Ecuador,ECU,2020,6.0,94.0,False,False,False
469,Ecuador,ECU,2021,6.0,94.0,False,False,False
470,Ecuador,ECU,2022,6.0,94.0,False,False,False
478,Egypt,EGY,1996,44.0,56.0,False,False,False
479,Egypt,EGY,2005,33.0,67.0,False,False,False
480,Egypt,EGY,2006,34.0,66.0,False,False,False
481,Egypt,EGY,2010,28.0,72.0,False,False,False
482,Egypt,EGY,2012,26.0,74.0,False,False,False
483,Egypt,EGY,2013,28.0,72.0,False,False,False
484,Egypt,EGY,2017,29.0,71.0,False,False,False
486,El Salvador,SLV,1992,26.0,74.0,False,False,False
487,El Salvador,SLV,2006,16.0,84.0,False,False,False
488,El Salvador,SLV,2007,18.0,82.0,False,False,False
489,El Salvador,SLV,2008,16.0,84.0,False,False,False
490,El Salvador,SLV,2009,16.0,84.0,False,False,False
491,El Salvador,SLV,2010,16.0,84.0,False,False,False
492,El Salvador,SLV,2011,15.0,85.0,False,False,False
493,El Salvador,SLV,2013,13.0,87.0,False,False,False
494,El Salvador,SLV,2015,12.0,88.0,False,False,False
495,El Salvador,SLV,2016,12.0,88.0,False,False,False
496,El Salvador,SLV,2017,12.0,88.0,False,False,False
497,El Salvador,SLV,2018,11.0,89.0,False,False,False
498,El Salvador,SLV,2019,11.0,89.0,False,False,False
499,El Salvador,SLV,2020,10.0,90.0,False,False,False
500,El Salvador,SLV,2023,10.0,90.0,False,False,False
502,Equatorial Guinea,GNQ,2000,12.0,88.0,False,False,False
504,Eritrea,ERI,2002,47.0,53.0,False,False,False
505,Eritrea,ERI,2008,35.0,65.0,False,False,False
507,Estonia,EST,2000,0.0,100.0,False,False,False
508,Estonia,EST,2011,0.0,100.0,False,False,False
512,Eswatini,SWZ,2000,18.0,82.0,False,False,False
513,Eswatini,SWZ,2022,9.252983,90.74702,False,False,False
515,Ethiopia,ETH,1994,73.0,27.0,False,True,True
516,Ethiopia,ETH,2004,64.0,36.0,False,True,True
517,Ethiopia,ETH,2007,61.0,39.0,False,False,False
518,Ethiopia,ETH,2016,52.50841,47.49159,False,False,False
582,Gabon,GAB,1993,28.0,72.0,False,False,False
583,Gabon,GAB,2021,11.141663,88.85834,False,False,False
585,Gambia,GMB,2000,63.0,37.0,False,True,True
586,Gambia,GMB,2015,49.0,51.0,False,False,False
587,Gambia,GMB,2018,46.8398,53.1602,False,False,False
588,Gambia,GMB,2021,48.3626,51.6374,False,False,False
589,Georgia,GEO,2002,0.0,100.0,False,False,False
590,Georgia,GEO,2014,0.0,100.0,False,False,False
591,Georgia,GEO,2017,1.0,99.0,False,False,False
592,Georgia,GEO,2018,0.34633636,99.65366,False,False,False
593,Georgia,GEO,2022,0.0,100.0,False,False,False
594,Georgia,GEO,2023,0.44452667,99.55547,False,False,False
601,Ghana,GHA,2000,42.0,58.0,False,False,False
602,Ghana,GHA,2010,29.0,71.0,False,False,False
603,Ghana,GHA,2017,35.507607,64.49239,False,False,False
604,Ghana,GHA,2021,23.51432,76.48568,False,False,False
611,Greece,GRC,1991,7.0,93.0,False,False,False
612,Greece,GRC,2001,4.0,96.0,False,False,False
613,Greece,GRC,2009,6.0,94.0,False,False,False
621,Guam,GUM,1990,1.0,99.0,False,False,False
623,Guatemala,GTM,1994,36.0,64.0,False,False,False
624,Guatemala,GTM,2002,31.0,69.0,False,False,False
625,Guatemala,GTM,2012,22.0,78.0,False,False,False
626,Guatemala,GTM,2013,23.0,77.0,False,False,False
627,Guatemala,GTM,2014,19.0,81.0,False,False,False
628,Guatemala,GTM,2015,19.804909,80.19509,False,False,False
629,Guatemala,GTM,2018,19.0,81.0,False,False,False
630,Guatemala,GTM,2022,16.968826,83.03117,False,False,False
631,Guinea,GIN,1996,79.0,21.0,False,True,True
632,Guinea,GIN,2003,70.0,30.0,False,True,True
633,Guinea,GIN,2010,75.0,25.0,False,True,True
634,Guinea,GIN,2014,68.0,32.0,False,True,True
635,Guinea,GIN,2018,60.0,40.0,False,False,False
638,Guinea-Bissau,GNB,2000,59.0,41.0,False,False,False
639,Guinea-Bissau,GNB,2019,45.11768,54.88232,False,False,False
640,Guinea-Bissau,GNB,2022,36.06587,63.93413,False,False,False
642,Guyana,GUY,2020,14.361649,85.63835,False,False,False
645,Haiti,HTI,2003,41.0,59.0,False,False,False
646,Haiti,HTI,2017,31.990143,68.00986,False,False,False
653,Honduras,HND,2001,20.0,80.0,False,False,False
654,Honduras,HND,2007,16.0,84.0,False,False,False
655,Honduras,HND,2010,15.0,85.0,False,False,False
656,Honduras,HND,2011,15.0,85.0,False,False,False
657,Honduras,HND,2012,15.0,85.0,False,False,False
658,Honduras,HND,2013,15.0,85.0,False,False,False
659,Honduras,HND,2014,13.0,87.0,False,False,False
660,Honduras,HND,2015,12.0,88.0,False,False,False
661,Honduras,HND,2016,11.0,89.0,False,False,False
662,Honduras,HND,2018,13.0,87.0,False,False,False
663,Honduras,HND,2019,11.0,89.0,False,False,False
679,India,IND,1991,52.0,48.0,False,False,False
680,India,IND,2001,39.0,61.0,False,False,False
681,India,IND,2006,37.0,63.0,False,False,False
682,India,IND,2011,31.0,69.0,False,False,False
683,India,IND,2022,24.0,76.0,False,False,False
684,India,IND,2023,18.0,82.0,False,False,False
687,Indonesia,IDN,1990,18.0,82.0,False,False,False
688,Indonesia,IDN,2004,10.0,90.0,False,False,False
689,Indonesia,IDN,2006,8.0,92.0,False,False,False
690,Indonesia,IDN,2008,8.0,92.0,False,False,False
691,Indonesia,IDN,2009,7.0,93.0,False,False,False
692,Indonesia,IDN,2011,7.0,93.0,False,False,False
693,Indonesia,IDN,2014,5.0,95.0,False,False,False
694,Indonesia,IDN,2015,5.0,95.0,False,False,False
695,Indonesia,IDN,2016,5.0,95.0,False,False,False
696,Indonesia,IDN,2018,4.0,96.0,False,False,False
697,Indonesia,IDN,2020,4.0,96.0,False,False,False
701,Iran,IRN,1991,34.0,66.0,False,False,False
702,Iran,IRN,1996,27.0,73.0,False,False,False
703,Iran,IRN,2002,23.0,77.0,False,False,False
704,Iran,IRN,2005,18.0,82.0,False,False,False
705,Iran,IRN,2006,18.0,82.0,False,False,False
706,Iran,IRN,2008,17.0,83.0,False,False,False
707,Iran,IRN,2012,16.0,84.0,False,False,False
708,Iran,IRN,2013,15.0,85.0,False,False,False
709,Iran,IRN,2014,15.0,85.0,False,False,False
710,Iran,IRN,2016,14.0,86.0,False,False,False
712,Iraq,IRQ,2000,26.0,74.0,False,False,False
713,Iraq,IRQ,2012,23.0,77.0,False,False,False
714,Iraq,IRQ,2014,18.0,82.0,False,False,False
715,Iraq,IRQ,2016,17.0,83.0,False,False,False
716,Iraq,IRQ,2017,14.0,86.0,False,False,False
735,Italy,ITA,2001,2.0,98.0,False,False,False
736,Italy,ITA,2011,1.0,99.0,False,False,False
737,Italy,ITA,2019,1.0,99.0,False,False,False
739,Jamaica,JAM,1999,20.0,80.0,False,False,False
743,Jordan,JOR,2003,10.0,90.0,False,False,False
744,Jordan,JOR,2005,9.0,91.0,False,False,False
745,Jordan,JOR,2007,8.0,92.0,False,False,False
746,Jordan,JOR,2010,7.0,93.0,False,False,False
747,Jordan,JOR,2011,4.0,96.0,False,False,False
748,Jordan,JOR,2012,2.0,98.0,False,False,False
749,Jordan,JOR,2018,4.56855,95.43145,False,False,False
750,Jordan,JOR,2023,5.0,95.0,False,False,False
752,Kazakhstan,KAZ,1999,0.0,100.0,False,False,False
753,Kazakhstan,KAZ,2009,0.0,100.0,False,False,False
755,Kenya,KEN,2000,18.0,82.0,False,False,False
757,Kiribati,KIR,2018,2.0402908,97.95971,False,False,False
762,Kuwait,KWT,1995,22.0,78.0,False,False,False
763,Kuwait,KWT,2005,7.0,93.0,False,False,False
764,Kuwait,KWT,2006,7.0,93.0,False,False,False
765,Kuwait,KWT,2007,6.0,94.0,False,False,False
766,Kuwait,KWT,2008,6.0,94.0,False,False,False
767,Kuwait,KWT,2010,6.0,94.0,False,False,False
768,Kuwait,KWT,2012,4.0,96.0,False,False,False
769,Kuwait,KWT,2013,4.0,96.0,False,False,False
770,Kuwait,KWT,2015,4.0,96.0,False,False,False
771,Kuwait,KWT,2017,4.0,96.0,False,False,False
772,Kuwait,KWT,2018,4.0,96.0,False,False,False
773,Kuwait,KWT,2020,4.0,96.0,False,False,False
774,Kyrgyzstan,KGZ,1999,1.0,99.0,False,False,False
775,Kyrgyzstan,KGZ,2009,1.0,99.0,False,False,False
777,Laos,LAO,1995,40.0,60.0,False,False,False
778,Laos,LAO,2000,30.0,70.0,False,False,False
779,Laos,LAO,2001,31.0,69.0,False,False,False
780,Laos,LAO,2005,27.0,73.0,False,False,False
781,Laos,LAO,2015,15.0,85.0,False,False,False
883,Latvia,LVA,2000,0.0,100.0,False,False,False
884,Latvia,LVA,2011,0.0,100.0,False,False,False
886,Lebanon,LBN,2007,10.0,90.0,False,False,False
887,Lebanon,LBN,2009,9.0,91.0,False,False,False
888,Lebanon,LBN,2018,7.0,93.0,False,False,False
890,Lesotho,LSO,2000,14.0,86.0,False,False,False
891,Lesotho,LSO,2006,34.0,66.0,False,False,False
892,Lesotho,LSO,2016,3.0,97.0,False,False,False
893,Lesotho,LSO,2018,13.759132,86.24087,False,False,False
900,Lithuania,LTU,2001,0.0,100.0,False,False,False
901,Lithuania,LTU,2011,0.0,100.0,False,False,False
990,Macao,MAC,2001,9.0,91.0,False,False,False
991,Macao,MAC,2006,7.0,93.0,False,False,False
992,Macao,MAC,2011,4.0,96.0,False,False,False
993,Macao,MAC,2016,3.0,97.0,False,False,False
995,Madagascar,MDG,2000,29.0,71.0,False,False,False
996,Madagascar,MDG,2005,41.0,59.0,False,False,False
997,Madagascar,MDG,2012,28.0,72.0,False,False,False
998,Madagascar,MDG,2018,23.0,77.0,False,False,False
999,Madagascar,MDG,2021,25.313858,74.68614,False,False,False
1002,Malawi,MWI,1998,36.0,64.0,False,False,False
1003,Malawi,MWI,2020,29.847733,70.15227,False,False,False
1006,Malaysia,MYS,1991,17.0,83.0,False,False,False
1007,Malaysia,MYS,2000,11.0,89.0,False,False,False
1008,Malaysia,MYS,2010,7.0,93.0,False,False,False
1009,Malaysia,MYS,2016,5.0,95.0,False,False,False
1010,Malaysia,MYS,2017,5.0,95.0,False,False,False
1011,Malaysia,MYS,2018,5.0,95.0,False,False,False
1012,Malaysia,MYS,2019,5.0,95.0,False,False,False
1013,Malaysia,MYS,2022,4.0,96.0,False,False,False
1017,Maldives,MDV,1990,4.0,96.0,False,False,False
1018,Maldives,MDV,1995,4.0,96.0,False,False,False
1019,Maldives,MDV,2000,4.0,96.0,False,False,False
1020,Maldives,MDV,2006,2.0,98.0,False,False,False
1021,Maldives,MDV,2014,1.0,99.0,False,False,False
1022,Maldives,MDV,2016,2.0,98.0,False,False,False
1023,Maldives,MDV,2017,5.4944916,94.50551,False,False,False
1024,Maldives,MDV,2019,1.7881393,98.21186,False,False,False
1026,Mali,MLI,1998,81.0,19.0,False,True,True
1027,Mali,MLI,2003,76.0,24.0,False,True,True
1028,Mali,MLI,2006,74.0,26.0,False,True,True
1029,Mali,MLI,2010,69.0,31.0,False,True,True
1030,Mali,MLI,2011,69.0,31.0,False,True,True
1031,Mali,MLI,2015,67.0,33.0,False,True,True
1032,Mali,MLI,2018,65.0,35.0,False,True,True
1035,Malta,MLT,1995,12.0,88.0,False,False,False
1036,Malta,MLT,2005,8.0,92.0,False,False,False
1037,Malta,MLT,2011,7.0,93.0,False,False,False
1038,Marshall Islands,MHL,2011,2.0,98.0,False,False,False
1041,Mauritania,MRT,2000,49.0,51.0,False,False,False
1042,Mauritania,MRT,2013,38.0,62.0,False,False,False
1043,Mauritania,MRT,2015,34.887978,65.11202,False,False,False
1044,Mauritania,MRT,2020,40.47034,59.52966,False,False,False
1046,Mauritius,MUS,1990,20.0,80.0,False,False,False
1047,Mauritius,MUS,2000,16.0,84.0,False,False,False
1048,Mauritius,MUS,2011,11.0,89.0,False,False,False
1049,Mauritius,MUS,2012,8.0,92.0,False,False,False
1050,Mauritius,MUS,2013,9.0,91.0,False,False,False
1051,Mauritius,MUS,2014,8.0,92.0,False,False,False
1052,Mauritius,MUS,2015,7.0,93.0,False,False,False
1053,Mauritius,MUS,2016,7.0,93.0,False,False,False
1061,Mexico,MEX,1990,12.0,88.0,False,False,False
1062,Mexico,MEX,2000,9.0,91.0,False,False,False
1063,Mexico,MEX,2002,10.0,90.0,False,False,False
1064,Mexico,MEX,2004,9.0,91.0,False,False,False
1065,Mexico,MEX,2005,8.0,92.0,False,False,False
1066,Mexico,MEX,2006,8.0,92.0,False,False,False
1067,Mexico,MEX,2007,7.0,93.0,False,False,False
1068,Mexico,MEX,2008,7.0,93.0,False,False,False
1069,Mexico,MEX,2009,7.0,93.0,False,False,False
1070,Mexico,MEX,2010,7.0,93.0,False,False,False
1071,Mexico,MEX,2011,6.0,94.0,False,False,False
1072,Mexico,MEX,2012,6.0,94.0,False,False,False
1073,Mexico,MEX,2013,6.0,94.0,False,False,False
1074,Mexico,MEX,2014,5.0,95.0,False,False,False
1075,Mexico,MEX,2015,6.0,94.0,False,False,False
1076,Mexico,MEX,2016,5.0,95.0,False,False,False
1077,Mexico,MEX,2017,5.0,95.0,False,False,False
1078,Mexico,MEX,2018,5.0,95.0,False,False,False
1079,Mexico,MEX,2020,5.0,95.0,False,False,False
1180,Moldova,MDA,2000,3.0,97.0,False,False,False
1181,Moldova,MDA,2014,1.0,99.0,False,False,False
1184,Mongolia,MNG,2000,2.0,98.0,False,False,False
1185,Mongolia,MNG,2010,2.0,98.0,False,False,False
1186,Mongolia,MNG,2018,3.103653,96.89635,False,False,False
1187,Mongolia,MNG,2020,1.0,99.0,False,False,False
1188,Mongolia,MNG,2022,1.2737808,98.72622,False,False,False
1190,Montenegro,MNE,1991,7.0,93.0,False,False,False
1191,Montenegro,MNE,2003,2.0,98.0,False,False,False
1192,Montenegro,MNE,2011,2.0,98.0,False,False,False
1193,Montenegro,MNE,2018,1.4655991,98.5344,False,False,False
1196,Morocco,MAR,1994,58.0,42.0,False,False,False
1197,Morocco,MAR,2004,48.0,52.0,False,False,False
1198,Morocco,MAR,2008,45.0,55.0,False,False,False
1199,Morocco,MAR,2009,44.0,56.0,False,False,False
1200,Morocco,MAR,2011,33.0,67.0,False,False,False
1201,Morocco,MAR,2012,31.0,69.0,False,False,False
1202,Morocco,MAR,2014,24.0,76.0,False,False,False
1205,Mozambique,MOZ,1997,61.0,39.0,False,False,False
1206,Mozambique,MOZ,2003,52.0,48.0,False,False,False
1207,Mozambique,MOZ,2009,49.0,51.0,False,False,False
1208,Mozambique,MOZ,2015,44.0,56.0,False,False,False
1209,Mozambique,MOZ,2017,39.0,61.0,False,False,False
1210,Mozambique,MOZ,2020,40.0,60.0,False,False,False
1217,Myanmar,MMR,2000,10.0,90.0,False,False,False
1218,Myanmar,MMR,2014,10.0,90.0,False,False,False
1219,Myanmar,MMR,2019,11.0,89.0,False,False,False
1220,Namibia,NAM,1991,24.0,76.0,False,False,False
1221,Namibia,NAM,2001,15.0,85.0,False,False,False
1222,Namibia,NAM,2011,12.0,88.0,False,False,False
1224,Nauru,NRU,2023,3.4134598,96.58654,False,False,False
1227,Nepal,NPL,1991,67.0,33.0,False,True,True
1228,Nepal,NPL,2001,51.0,49.0,False,False,False
1229,Nepal,NPL,2011,40.0,60.0,False,False,False
1230,Nepal,NPL,2016,34.498993,65.50101,False,False,False
1231,Nepal,NPL,2019,31.287498,68.7125,False,False,False
1241,New Caledonia,NCL,1996,4.0,96.0,False,False,False
1244,Nicaragua,NIC,2001,23.0,77.0,False,False,False
1245,Nicaragua,NIC,2005,22.0,78.0,False,False,False
1246,Niger,NER,2001,86.0,14.0,False,True,True
1247,Niger,NER,2005,71.0,29.0,False,True,True
1248,Niger,NER,2012,69.0,31.0,False,True,True
1249,Niger,NER,2018,66.952545,33.04745,False,True,True
1250,Niger,NER,2022,64.39029,35.60971,False,True,True
1252,Nigeria,NGA,1991,45.0,55.0,False,False,False
1253,Nigeria,NGA,2003,45.0,55.0,False,False,False
1254,Nigeria,NGA,2006,30.0,70.0,False,False,False
1255,Nigeria,NGA,2016,41.77866,58.22134,False,False,False
1256,Nigeria,NGA,2021,36.84446,63.15554,False,False,False
1271,North Korea,PRK,2008,0.0,100.0,False,False,False
1272,North Macedonia,MKD,1994,6.0,94.0,False,False,False
1273,North Macedonia,MKD,2002,4.0,96.0,False,False,False
1349,Oman,OMN,2003,34.0,66.0,False,False,False
1350,Oman,OMN,2008,13.0,87.0,False,False,False
1351,Oman,OMN,2010,13.0,87.0,False,False,False
1352,Oman,OMN,2015,7.0,93.0,False,False,False
1353,Oman,OMN,2017,4.0,96.0,False,False,False
1354,Oman,OMN,2018,4.0,96.0,False,False,False
1355,Oman,OMN,2020,3.0,97.0,False,False,False
1356,Oman,OMN,2022,3.0,97.0,False,False,False
1359,Pakistan,PAK,1998,57.0,43.0,False,False,False
1360,Pakistan,PAK,2005,50.0,50.0,False,False,False
1361,Pakistan,PAK,2006,46.0,54.0,False,False,False
1362,Pakistan,PAK,2007,48.0,52.0,False,False,False
1363,Pakistan,PAK,2008,44.0,56.0,False,False,False
1364,Pakistan,PAK,2009,45.0,55.0,False,False,False
1365,Pakistan,PAK,2010,45.0,55.0,False,False,False
1366,Pakistan,PAK,2011,45.0,55.0,False,False,False
1367,Pakistan,PAK,2012,43.0,57.0,False,False,False
1368,Pakistan,PAK,2013,44.0,56.0,False,False,False
1369,Pakistan,PAK,2014,43.0,57.0,False,False,False
1370,Pakistan,PAK,2017,41.0,59.0,False,False,False
1371,Pakistan,PAK,2018,43.0,57.0,False,False,False
1372,Pakistan,PAK,2019,42.0,58.0,False,False,False
1373,Pakistan,PAK,2021,41.1439,58.8561,False,False,False
1375,Palau,PLW,2013,0.0,100.0,False,False,False
1376,Palau,PLW,2015,3.0,97.0,False,False,False
1377,Palestine,PSE,1997,14.0,86.0,False,False,False
1378,Palestine,PSE,2004,8.0,92.0,False,False,False
1379,Palestine,PSE,2006,7.0,93.0,False,False,False
1380,Palestine,PSE,2007,6.0,94.0,False,False,False
1381,Palestine,PSE,2008,6.0,94.0,False,False,False
1382,Palestine,PSE,2009,6.0,94.0,False,False,False
1383,Palestine,PSE,2010,5.0,95.0,False,False,False
1384,Palestine,PSE,2011,5.0,95.0,False,False,False
1385,Palestine,PSE,2012,4.0,96.0,False,False,False
1386,Palestine,PSE,2013,4.0,96.0,False,False,False
1387,Palestine,PSE,2014,4.0,96.0,False,False,False
1388,Palestine,PSE,2015,4.0,96.0,False,False,False
1389,Palestine,PSE,2016,3.0,97.0,False,False,False
1390,Palestine,PSE,2017,3.0,97.0,False,False,False
1391,Palestine,PSE,2018,3.0,97.0,False,False,False
1392,Palestine,PSE,2019,3.0,97.0,False,False,False
1393,Palestine,PSE,2020,2.0,98.0,False,False,False
1394,Palestine,PSE,2022,2.0,98.0,False,False,False
1397,Panama,PAN,1990,11.0,89.0,False,False,False
1398,Panama,PAN,2000,8.0,92.0,False,False,False
1399,Panama,PAN,2010,6.0,94.0,False,False,False
1400,Panama,PAN,2018,5.0,95.0,False,False,False
1401,Panama,PAN,2019,4.0,96.0,False,False,False
1403,Papua New Guinea,PNG,2000,43.0,57.0,False,False,False
1404,Papua New Guinea,PNG,2017,29.936317,70.06368,False,False,False
1407,Paraguay,PRY,1992,10.0,90.0,False,False,False
1408,Paraguay,PRY,2007,5.0,95.0,False,False,False
1409,Paraguay,PRY,2008,7.0,93.0,False,False,False
1410,Paraguay,PRY,2009,6.0,94.0,False,False,False
1411,Paraguay,PRY,2010,6.0,94.0,False,False,False
1412,Paraguay,PRY,2012,6.0,94.0,False,False,False
1413,Paraguay,PRY,2013,5.0,95.0,False,False,False
1414,Paraguay,PRY,2014,5.0,95.0,False,False,False
1415,Paraguay,PRY,2015,4.0,96.0,False,False,False
1416,Paraguay,PRY,2016,5.0,95.0,False,False,False
1417,Paraguay,PRY,2018,6.0,94.0,False,False,False
1418,Paraguay,PRY,2019,7.0,93.0,False,False,False
1419,Paraguay,PRY,2020,5.0,95.0,False,False,False
1422,Peru,PER,1993,13.0,87.0,False,False,False
1423,Peru,PER,2004,12.0,88.0,False,False,False
1424,Peru,PER,2005,12.0,88.0,False,False,False
1425,Peru,PER,2006,11.0,89.0,False,False,False
1426,Peru,PER,2007,10.0,90.0,False,False,False
1427,Peru,PER,2012,6.0,94.0,False,False,False
1428,Peru,PER,2014,6.0,94.0,False,False,False
1429,Peru,PER,2015,6.0,94.0,False,False,False
1430,Peru,PER,2016,6.0,94.0,False,False,False
1431,Peru,PER,2017,6.0,94.0,False,False,False
1432,Peru,PER,2018,6.0,94.0,False,False,False
1433,Peru,PER,2020,6.0,94.0,False,False,False
1439,Philippines,PHL,1990,6.0,94.0,False,False,False
1440,Philippines,PHL,1994,6.0,94.0,False,False,False
1441,Philippines,PHL,2000,7.0,93.0,False,False,False
1442,Philippines,PHL,2003,7.0,93.0,False,False,False
1443,Philippines,PHL,2008,5.0,95.0,False,False,False
1444,Philippines,PHL,2013,4.0,96.0,False,False,False
1445,Philippines,PHL,2015,2.0,98.0,False,False,False
1446,Philippines,PHL,2019,4.0,96.0,False,False,False
1447,Philippines,PHL,2020,2.0,98.0,False,False,False
1461,Portugal,PRT,1991,12.0,88.0,False,False,False
1462,Portugal,PRT,2011,6.0,94.0,False,False,False
1465,Puerto Rico,PRI,1990,10.0,90.0,False,False,False
1466,Puerto Rico,PRI,2010,8.0,92.0,False,False,False
1467,Puerto Rico,PRI,2017,8.0,92.0,False,False,False
1470,Qatar,QAT,1997,17.0,83.0,False,False,False
1471,Qatar,QAT,2004,11.0,89.0,False,False,False
1472,Qatar,QAT,2007,7.0,93.0,False,False,False
1473,Qatar,QAT,2008,6.0,94.0,False,False,False
1474,Qatar,QAT,2009,5.0,95.0,False,False,False
1475,Qatar,QAT,2010,4.0,96.0,False,False,False
1476,Qatar,QAT,2011,4.0,96.0,False,False,False
1477,Qatar,QAT,2012,3.0,97.0,False,False,False
1478,Qatar,QAT,2013,3.0,97.0,False,False,False
1479,Qatar,QAT,2014,2.0,98.0,False,False,False
1483,Romania,ROU,1992,3.0,97.0,False,False,False
1484,Romania,ROU,2002,3.0,97.0,False,False,False
1485,Romania,ROU,2011,1.0,99.0,False,False,False
1486,Romania,ROU,2021,1.0,99.0,False,False,False
1488,Russia,RUS,2002,1.0,99.0,False,False,False
1489,Russia,RUS,2010,0.0,100.0,False,False,False
1490,Russia,RUS,2021,0.0,100.0,False,False,False
1493,Rwanda,RWA,1991,42.0,58.0,False,False,False
1494,Rwanda,RWA,2000,35.0,65.0,False,False,False
1495,Rwanda,RWA,2012,32.0,68.0,False,False,False
1496,Rwanda,RWA,2014,29.0,71.0,False,False,False
1497,Rwanda,RWA,2018,27.0,73.0,False,False,False
1498,Rwanda,RWA,2020,19.949142,80.05086,False,False,False
1499,Rwanda,RWA,2022,21.0,79.0,False,False,False
1501,Saint Helena,SHN,1998,3.0,97.0,False,False,False
1506,Samoa,WSM,1991,2.0,98.0,False,False,False
1507,Samoa,WSM,2011,1.0,99.0,False,False,False
1508,Samoa,WSM,2016,1.0,99.0,False,False,False
1509,Samoa,WSM,2019,2.0097427,97.99026,False,False,False
1511,San Marino,SMR,2022,0.0,100.0,False,False,False
1514,Sao Tome and Principe,STP,1991,27.0,73.0,False,False,False
1515,Sao Tome and Principe,STP,2001,15.0,85.0,False,False,False
1516,Sao Tome and Principe,STP,2012,10.0,90.0,False,False,False
1517,Sao Tome and Principe,STP,2019,12.561539,87.43846,False,False,False
1519,Saudi Arabia,SAU,1992,29.0,71.0,False,False,False
1520,Saudi Arabia,SAU,2000,21.0,79.0,False,False,False
1521,Saudi Arabia,SAU,2004,17.0,83.0,False,False,False
1522,Saudi Arabia,SAU,2013,6.0,94.0,False,False,False
1523,Saudi Arabia,SAU,2017,5.0,95.0,False,False,False
1524,Saudi Arabia,SAU,2020,2.0,98.0,False,False,False
1527,Senegal,SEN,2002,61.0,39.0,False,False,False
1528,Senegal,SEN,2006,58.0,42.0,False,False,False
1529,Senegal,SEN,2009,52.0,48.0,False,False,False
1530,Senegal,SEN,2011,48.0,52.0,False,False,False
1531,Senegal,SEN,2013,56.0,44.0,False,False,False
1532,Senegal,SEN,2015,56.40727,43.59273,False,False,False
1533,Senegal,SEN,2016,53.90036,46.09964,False,False,False
1534,Senegal,SEN,2017,48.0,52.0,False,False,False
1535,Senegal,SEN,2018,53.39409,46.60591,False,False,False
1536,Senegal,SEN,2019,53.16633,46.83367,False,False,False
1537,Senegal,SEN,2023,49.64418,50.35582,False,False,False
1538,Serbia,SRB,2003,4.0,96.0,False,False,False
1539,Serbia,SRB,2011,2.0,98.0,False,False,False
1540,Serbia,SRB,2016,1.0,99.0,False,False,False
1541,Serbia,SRB,2019,1.0,99.0,False,False,False
1544,Seychelles,SYC,1994,12.0,88.0,False,False,False
1545,Seychelles,SYC,2002,8.0,92.0,False,False,False
1546,Seychelles,SYC,2010,6.0,94.0,False,False,False
1548,Sierra Leone,SLE,2004,65.0,35.0,False,True,True
1549,Sierra Leone,SLE,2017,55.16682,44.83318,False,False,False
1550,Sierra Leone,SLE,2019,56.42222,43.57778,False,False,False
1553,Singapore,SGP,1990,11.0,89.0,False,False,False
1554,Singapore,SGP,2000,7.0,93.0,False,False,False
1555,Singapore,SGP,2010,4.0,96.0,False,False,False
1556,Singapore,SGP,2011,4.0,96.0,False,False,False
1557,Singapore,SGP,2012,4.0,96.0,False,False,False
1558,Singapore,SGP,2013,3.0,97.0,False,False,False
1559,Singapore,SGP,2014,3.0,97.0,False,False,False
1560,Singapore,SGP,2015,3.0,97.0,False,False,False
1561,Singapore,SGP,2016,3.0,97.0,False,False,False
1562,Singapore,SGP,2017,3.0,97.0,False,False,False
1563,Singapore,SGP,2018,3.0,97.0,False,False,False
1564,Singapore,SGP,2019,3.0,97.0,False,False,False
1565,Singapore,SGP,2020,3.0,97.0,False,False,False
1566,Singapore,SGP,2021,2.0,98.0,False,False,False
1567,Slovenia,SVN,1991,0.0,100.0,False,False,False
1569,Solomon Islands,SLB,1999,23.0,77.0,False,False,False
1570,Somalia,SOM,2022,46.0,54.0,False,False,False
1574,South Africa,ZAF,1996,18.0,82.0,False,False,False
1575,South Africa,ZAF,2007,11.0,89.0,False,False,False
1576,South Africa,ZAF,2009,7.0,93.0,False,False,False
1577,South Africa,ZAF,2010,7.0,93.0,False,False,False
1578,South Africa,ZAF,2011,7.0,93.0,False,False,False
1579,South Africa,ZAF,2012,6.0,94.0,False,False,False
1580,South Africa,ZAF,2014,6.0,94.0,False,False,False
1581,South Africa,ZAF,2015,6.0,94.0,False,False,False
1582,South Africa,ZAF,2016,8.262756,91.73724,False,False,False
1583,South Africa,ZAF,2017,13.0,87.0,False,False,False
1584,South Africa,ZAF,2019,5.0,95.0,False,False,False
1585,South Africa,ZAF,2021,10.0,90.0,False,False,False
1636,South Korea,KOR,2008,2.0,98.0,False,False,False
1637,South Sudan,SSD,2008,73.0,27.0,False,True,True
1648,Spain,ESP,1991,4.0,96.0,False,False,False
1649,Spain,ESP,2004,3.0,97.0,False,False,False
1650,Spain,ESP,2005,2.0,98.0,False,False,False
1651,Spain,ESP,2006,2.0,98.0,False,False,False
1652,Spain,ESP,2007,2.0,98.0,False,False,False
1653,Spain,ESP,2008,2.0,98.0,False,False,False
1654,Spain,ESP,2009,2.0,98.0,False,False,False
1655,Spain,ESP,2010,2.0,98.0,False,False,False
1656,Spain,ESP,2011,2.0,98.0,False,False,False
1657,Spain,ESP,2012,2.0,98.0,False,False,False
1658,Spain,ESP,2013,2.0,98.0,False,False,False
1659,Spain,ESP,2014,2.0,98.0,False,False,False
1660,Spain,ESP,2015,2.0,98.0,False,False,False
1661,Spain,ESP,2016,2.0,98.0,False,False,False
1662,Spain,ESP,2018,2.0,98.0,False,False,False
1663,Spain,ESP,2020,1.0,99.0,False,False,False
1664,Spain,ESP,2021,0.0,100.0,False,False,False
1671,Sri Lanka,LKA,2001,9.0,91.0,False,False,False
1672,Sri Lanka,LKA,2006,9.0,91.0,False,False,False
1673,Sri Lanka,LKA,2008,9.0,91.0,False,False,False
1674,Sri Lanka,LKA,2010,9.0,91.0,False,False,False
1675,Sri Lanka,LKA,2016,8.0,92.0,False,False,False
1676,Sri Lanka,LKA,2017,8.0,92.0,False,False,False
1677,Sri Lanka,LKA,2018,8.0,92.0,False,False,False
1678,Sri Lanka,LKA,2019,8.0,92.0,False,False,False
1679,Sri Lanka,LKA,2020,8.0,92.0,False,False,False
1680,Sri Lanka,LKA,2021,8.0,92.0,False,False,False
1681,Sri Lanka,LKA,2022,8.0,92.0,False,False,False
1682,Sri Lanka,LKA,2023,7.0,93.0,False,False,False
1763,Sudan,SDN,2000,39.0,61.0,False,False,False
1764,Sudan,SDN,2008,46.0,54.0,False,False,False
1766,Suriname,SUR,2004,10.0,90.0,False,False,False
1767,Suriname,SUR,2008,5.0,95.0,False,False,False
1768,Suriname,SUR,2010,5.0,95.0,False,False,False
1769,Suriname,SUR,2012,7.0,93.0,False,False,False
1778,Syria,SYR,2002,17.0,83.0,False,False,False
1779,Syria,SYR,2004,19.0,81.0,False,False,False
1780,Syria,SYR,2021,6.0,94.0,False,False,False
1782,Tajikistan,TJK,2000,1.0,99.0,False,False,False
1785,Tanzania,TZA,2002,31.0,69.0,False,False,False
1786,Tanzania,TZA,2012,22.0,78.0,False,False,False
1787,Tanzania,TZA,2015,22.0,78.0,False,False,False
1790,Thailand,THA,2000,7.0,93.0,False,False,False
1791,Thailand,THA,2005,6.0,94.0,False,False,False
1792,Thailand,THA,2010,4.0,96.0,False,False,False
1793,Thailand,THA,2013,6.0,94.0,False,False,False
1794,Thailand,THA,2015,7.0,93.0,False,False,False
1795,Thailand,THA,2016,8.0186,91.9814,False,False,False
1796,Thailand,THA,2018,6.0,94.0,False,False,False
1797,Thailand,THA,2019,8.73085,91.26915,False,False,False
1798,Thailand,THA,2022,8.900131,91.09987,False,False,False
1800,Togo,TGO,2000,47.0,53.0,False,False,False
1801,Togo,TGO,2006,43.0,57.0,False,False,False
1802,Togo,TGO,2009,43.0,57.0,False,False,False
1803,Togo,TGO,2011,40.0,60.0,False,False,False
1804,Togo,TGO,2015,36.0,64.0,False,False,False
1805,Togo,TGO,2019,33.0,67.0,False,False,False
1806,Togo,TGO,2022,27.404114,72.59589,False,False,False
1810,Tonga,TON,1996,1.0,99.0,False,False,False
1811,Tonga,TON,2006,1.0,99.0,False,False,False
1812,Tonga,TON,2011,1.0,99.0,False,False,False
1813,Tonga,TON,2016,3.0,97.0,False,False,False
1814,Tonga,TON,2019,8.9483795,91.05162,False,False,False
1817,Trinidad and Tobago,TTO,1990,3.0,97.0,False,False,False
1820,Tunisia,TUN,2004,26.0,74.0,False,False,False
1821,Tunisia,TUN,2007,23.0,77.0,False,False,False
1822,Tunisia,TUN,2008,22.0,78.0,False,False,False
1823,Tunisia,TUN,2010,21.0,79.0,False,False,False
1824,Tunisia,TUN,2011,20.0,80.0,False,False,False
1825,Tunisia,TUN,2012,20.0,80.0,False,False,False
1826,Tunisia,TUN,2014,21.0,79.0,False,False,False
1827,Tunisia,TUN,2018,20.524887,79.47511,False,False,False
1828,Tunisia,TUN,2019,19.0,81.0,False,False,False
1829,Tunisia,TUN,2021,16.317368,83.68263,False,False,False
1830,Tunisia,TUN,2023,13.753181,86.24682,False,False,False
1838,Turkey,TUR,1990,21.0,79.0,False,False,False
1839,Turkey,TUR,2004,13.0,87.0,False,False,False
1840,Turkey,TUR,2005,12.0,88.0,False,False,False
1841,Turkey,TUR,2006,12.0,88.0,False,False,False
1842,Turkey,TUR,2007,11.0,89.0,False,False,False
1843,Turkey,TUR,2009,9.0,91.0,False,False,False
1844,Turkey,TUR,2010,7.0,93.0,False,False,False
1845,Turkey,TUR,2011,6.0,94.0,False,False,False
1846,Turkey,TUR,2012,5.0,95.0,False,False,False
1847,Turkey,TUR,2013,5.0,95.0,False,False,False
1848,Turkey,TUR,2014,5.0,95.0,False,False,False
1849,Turkey,TUR,2015,4.0,96.0,False,False,False
1850,Turkey,TUR,2016,4.0,96.0,False,False,False
1851,Turkey,TUR,2017,4.0,96.0,False,False,False
1852,Turkey,TUR,2019,3.0,97.0,False,False,False
1853,Turkey,TUR,2021,3.0,97.0,False,False,False
1854,Turkmenistan,TKM,1995,1.0,99.0,False,False,False
1857,Uganda,UGA,1991,44.0,56.0,False,False,False
1858,Uganda,UGA,2002,32.0,68.0,False,False,False
1859,Uganda,UGA,2006,29.0,71.0,False,False,False
1860,Uganda,UGA,2010,27.0,73.0,False,False,False
1861,Uganda,UGA,2012,30.0,70.0,False,False,False
1862,Uganda,UGA,2016,30.898682,69.10132,False,False,False
1863,Ukraine,UKR,2001,1.0,99.0,False,False,False
1866,United Arab Emirates,ARE,2005,10.0,90.0,False,False,False
1867,United Arab Emirates,ARE,2019,2.0,98.0,False,False,False
1868,United Arab Emirates,ARE,2021,2.0,98.0,False,False,False
1869,United Arab Emirates,ARE,2022,2.0,98.0,False,False,False
1870,United Arab Emirates,ARE,2023,2.0,98.0,False,False,False
1934,Uruguay,URY,1996,3.0,97.0,False,False,False
1935,Uruguay,URY,2006,2.0,98.0,False,False,False
1936,Uruguay,URY,2007,2.0,98.0,False,False,False
1937,Uruguay,URY,2008,2.0,98.0,False,False,False
1938,Uruguay,URY,2009,2.0,98.0,False,False,False
1939,Uruguay,URY,2010,2.0,98.0,False,False,False
1940,Uruguay,URY,2011,2.0,98.0,False,False,False
1941,Uruguay,URY,2012,2.0,98.0,False,False,False
1942,Uruguay,URY,2013,2.0,98.0,False,False,False
1943,Uruguay,URY,2014,2.0,98.0,False,False,False
1944,Uruguay,URY,2015,1.0,99.0,False,False,False
1945,Uruguay,URY,2016,1.0,99.0,False,False,False
1946,Uruguay,URY,2017,1.0,99.0,False,False,False
1947,Uruguay,URY,2018,1.0,99.0,False,False,False
1948,Uruguay,URY,2019,1.0,99.0,False,False,False
1949,Uruguay,URY,2022,1.0,99.0,False,False,False
1950,Uzbekistan,UZB,2000,1.0,99.0,False,False,False
1951,Uzbekistan,UZB,2013,0.0,100.0,False,False,False
1952,Uzbekistan,UZB,2014,0.0,100.0,False,False,False
1953,Uzbekistan,UZB,2015,0.0,100.0,False,False,False
1954,Uzbekistan,UZB,2016,0.0,100.0,False,False,False
1955,Uzbekistan,UZB,2018,0.0,100.0,False,False,False
1956,Uzbekistan,UZB,2019,0.0,100.0,False,False,False
1957,Uzbekistan,UZB,2021,0.0,100.0,False,False,False
1958,Uzbekistan,UZB,2022,0.0,100.0,False,False,False
1961,Vanuatu,VUT,1999,26.0,74.0,False,False,False
1962,Vanuatu,VUT,2023,12.0396805,87.96032,False,False,False
1965,Venezuela,VEN,1990,10.0,90.0,False,False,False
1966,Venezuela,VEN,2001,7.0,93.0,False,False,False
1967,Venezuela,VEN,2007,5.0,95.0,False,False,False
1968,Venezuela,VEN,2009,4.0,96.0,False,False,False
1969,Venezuela,VEN,2011,5.0,95.0,False,False,False
1970,Venezuela,VEN,2015,3.0,97.0,False,False,False
1971,Venezuela,VEN,2016,3.0,97.0,False,False,False
1975,Vietnam,VNM,1999,10.0,90.0,False,False,False
1976,Vietnam,VNM,2000,10.0,90.0,False,False,False
1977,Vietnam,VNM,2009,6.0,94.0,False,False,False
1978,Vietnam,VNM,2019,4.0,96.0,False,False,False
1979,Vietnam,VNM,2022,4.0,96.0,False,False,False
2044,Yemen,YEM,1994,63.0,37.0,False,True,True
2049,Zambia,ZMB,1990,35.0,65.0,False,False,False
2050,Zambia,ZMB,1999,32.0,68.0,False,False,False
2051,Zambia,ZMB,2002,31.0,69.0,False,False,False
2052,Zambia,ZMB,2010,17.0,83.0,False,False,False
2053,Zambia,ZMB,2018,28.867699,71.1323,False,False,False
2057,Zimbabwe,ZWE,1992,16.0,84.0,False,False,False
2058,Zimbabwe,ZWE,2019,6.7724533,93.22755,False,False,False
